学部,期次,线索渠道二级分类,价体,年级,下单日期,target_time,进量日期,目标,现状,差距,完成率,进度
初中,暑_10,AI托管,0.0,初一,,2026-06-30,2026-06-24,140,0,-140,0.0,1
初中,暑_10,AI托管,0.0,初二,,2026-06-30,2026-06-24,120,0,-120,0.0,1
初中,暑_10,AI托管,0.0,初三,,2026-06-30,2026-06-24,140,0,-140,0.0,1
初中,暑_10,LEC内测,1.0,初一,,2026-06-30,2026-06-24,300,0,-300,0.0,1
初中,暑_10,LEC内测,1.0,初二,,2026-06-30,2026-06-24,600,0,-600,0.0,1
初中,暑_10,LEC内测,1.0,初三,,2026-06-30,2026-06-24,600,0,-600,0.0,1
初中,暑_10,LEC内测,9.9,初一,,2026-06-30,2026-06-24,500,0,-500,0.0,1
初中,暑_10,LEC内测,9.9,初二,,2026-06-30,2026-06-24,700,0,-700,0.0,1
初中,暑_10,LEC内测,9.9,初三,,2026-06-30,2026-06-24,700,0,-700,0.0,1
初中,暑_10,LLM外呼,9.9,初一,2026-07-15,2026-06-30,2026-06-24,100,3,-97,0.03,1
初中,暑_10,LLM外呼,9.9,初二,2026-07-14,2026-06-30,2026-06-24,650,8,-642,0.012307692307692308,1
初中,暑_10,LLM外呼,9.9,初三,2026-07-15,2026-06-30,2026-06-24,650,7,-643,0.010769230769230769,1
初中,暑_10,外部微转-*,9.9,初一,,2026-06-30,2026-06-24,190,0,-190,0.0,1
初中,暑_10,外部微转-*,28.8,初二,,2026-06-30,2026-06-24,360,0,-360,0.0,1
初中,暑_10,外部微转-*,28.8,初三,,2026-06-30,2026-06-24,300,0,-300,0.0,1
初中,暑_10,常规外呼,1.0,初二,,2026-06-30,2026-06-24,400,0,-400,0.0,1
初中,暑_10,常规外呼,1.0,初三,,2026-06-30,2026-06-24,400,0,-400,0.0,1
初中,暑_10,常规外呼,9.9,初一,,2026-06-30,2026-06-24,500,0,-500,0.0,1
初中,暑_10,常规外呼,28.8,初二,,2026-06-30,2026-06-24,950,0,-950,0.0,1
初中,暑_10,常规外呼,28.8,初三,,2026-06-30,2026-06-24,950,0,-950,0.0,1
初中,暑_11,AI托管,0.0,初一,2026-07-04,2026-07-07,2026-07-01,130,65,-65,0.5,1
初中,暑_11,AI托管,0.0,初二,2026-07-06,2026-07-07,2026-07-01,120,220,100,1.8333333333333333,1
初中,暑_11,AI托管,0.0,初三,2026-07-06,2026-07-07,2026-07-01,130,179,49,1.376923076923077,1
初中,暑_11,LEC内测,1.0,初一,2026-07-01,,,0,121,121,,
初中,暑_11,LEC内测,9.9,初一,2026-07-03,2026-07-07,2026-07-01,800,668,-132,0.835,1
初中,暑_11,LEC内测,9.9,初二,2026-07-07,2026-07-07,2026-07-01,1000,1102,102,1.102,1
初中,暑_11,LEC内测,9.9,初三,2026-07-07,2026-07-07,2026-07-01,1000,1044,44,1.044,1
初中,暑_11,LLM外呼,9.9,初一,2026-07-19,2026-07-07,2026-07-01,100,471,371,4.71,1
初中,暑_11,LLM外呼,9.9,初二,2026-07-21,2026-07-07,2026-07-01,700,844,144,1.2057142857142857,1
初中,暑_11,LLM外呼,9.9,初三,2026-07-22,2026-07-07,2026-07-01,700,506,-194,0.7228571428571429,1
初中,暑_11,外部微转-*,9.9,初一,2026-07-03,2026-07-07,2026-07-01,220,165,-55,0.75,1
初中,暑_11,外部微转-*,28.8,初二,2026-07-07,2026-07-07,2026-07-01,350,446,96,1.2742857142857142,1
初中,暑_11,外部微转-*,28.8,初三,2026-07-07,2026-07-07,2026-07-01,300,484,184,1.6133333333333333,1
初中,暑_11,常规外呼,1.0,初一,2026-07-04,,,0,33,33,,
初中,暑_11,常规外呼,1.0,初二,2026-07-06,2026-07-07,2026-07-01,650,575,-75,0.8846153846153846,1
初中,暑_11,常规外呼,1.0,初三,2026-07-05,2026-07-07,2026-07-01,650,620,-30,0.9538461538461539,1
初中,暑_11,常规外呼,9.9,初一,2026-07-07,2026-07-07,2026-07-01,750,604,-146,0.8053333333333333,1
初中,暑_11,常规外呼,9.9,初二,2026-07-07,,,0,45,45,,
初中,暑_11,常规外呼,28.8,初二,2026-07-07,2026-07-07,2026-07-01,900,697,-203,0.7744444444444445,1
初中,暑_11,常规外呼,28.8,初三,2026-07-07,2026-07-07,2026-07-01,950,737,-213,0.7757894736842105,1
初中,暑_12,AI托管,0.0,初一,2026-07-14,2026-07-14,2026-07-08,80,128,48,1.6,1
初中,暑_12,AI托管,0.0,初二,2026-07-14,2026-07-14,2026-07-08,200,583,383,2.915,1
初中,暑_12,AI托管,0.0,初三,2026-07-14,2026-07-14,2026-07-08,200,555,355,2.775,1
初中,暑_12,LEC内测,9.9,初二,2026-07-14,2026-07-14,2026-07-08,1000,1304,304,1.304,1
初中,暑_12,LEC内测,9.9,初三,2026-07-14,2026-07-14,2026-07-08,1300,1214,-86,0.9338461538461539,1
初中,暑_12,LEC内测,18.8,初一,2026-07-13,2026-07-14,2026-07-08,500,453,-47,0.906,1
初中,暑_12,LLM外呼,9.9,初一,2026-07-29,2026-07-14,2026-07-08,100,109,9,1.09,1
初中,暑_12,LLM外呼,9.9,初二,2026-07-29,2026-07-14,2026-07-08,850,724,-126,0.851764705882353,1
初中,暑_12,LLM外呼,9.9,初三,2026-07-28,2026-07-14,2026-07-08,850,896,46,1.0541176470588236,1
初中,暑_12,外部微转-*,9.9,初一,2026-07-11,2026-07-14,2026-07-08,100,148,48,1.48,1
初中,暑_12,外部微转-*,28.8,初二,2026-07-14,2026-07-14,2026-07-08,400,305,-95,0.7625,1
初中,暑_12,外部微转-*,28.8,初三,2026-07-14,2026-07-14,2026-07-08,500,437,-63,0.874,1
初中,暑_12,常规外呼,1.0,初一,2026-07-14,,,0,28,28,,
初中,暑_12,常规外呼,1.0,初二,2026-07-14,2026-07-14,2026-07-08,900,706,-194,0.7844444444444445,1
初中,暑_12,常规外呼,1.0,初三,2026-07-14,2026-07-14,2026-07-08,800,854,54,1.0675,1
初中,暑_12,常规外呼,9.9,初一,2026-07-14,2026-07-14,2026-07-08,700,889,189,1.27,1
初中,暑_12,常规外呼,9.9,初二,2026-07-14,,,0,30,30,,
初中,暑_12,常规外呼,28.8,初二,2026-07-14,2026-07-14,2026-07-08,850,527,-323,0.62,1
初中,暑_12,常规外呼,28.8,初三,2026-07-14,2026-07-14,2026-07-08,750,622,-128,0.8293333333333334,1
初中,暑_13,AI托管,0.0,初一,2026-07-17,2026-07-21,2026-07-15,150,197,47,1.3133333333333332,1
初中,暑_13,AI托管,0.0,初二,2026-07-21,2026-07-21,2026-07-15,150,735,585,4.9,1
初中,暑_13,AI托管,0.0,初三,2026-07-21,2026-07-21,2026-07-15,150,726,576,4.84,1
初中,暑_13,LEC内测,9.9,初二,2026-07-21,2026-07-21,2026-07-15,1200,1134,-66,0.945,1
初中,暑_13,LEC内测,9.9,初三,2026-07-21,2026-07-21,2026-07-15,1200,1094,-106,0.9116666666666666,1
初中,暑_13,LEC内测,18.8,初一,2026-07-21,2026-07-21,2026-07-15,600,536,-64,0.8933333333333333,1
初中,暑_13,LLM外呼,9.9,初一,2026-07-20,2026-07-21,2026-07-15,150,107,-43,0.7133333333333334,1
初中,暑_13,LLM外呼,9.9,初二,2026-08-05,2026-07-21,2026-07-15,850,619,-231,0.7282352941176471,1
初中,暑_13,LLM外呼,9.9,初三,2026-08-05,2026-07-21,2026-07-15,850,818,-32,0.9623529411764706,1
初中,暑_13,外部微转-*,9.9,初一,2026-07-21,2026-07-21,2026-07-15,210,23,-187,0.10952380952380952,1
初中,暑_13,外部微转-*,28.8,初二,2026-07-21,2026-07-21,2026-07-15,230,253,23,1.1,1
初中,暑_13,外部微转-*,28.8,初三,2026-07-21,2026-07-21,2026-07-15,360,355,-5,0.9861111111111112,1
初中,暑_13,常规外呼,1.0,初一,2026-07-17,,,0,13,13,,
初中,暑_13,常规外呼,1.0,初二,2026-07-21,2026-07-21,2026-07-15,800,630,-170,0.7875,1
初中,暑_13,常规外呼,1.0,初三,2026-07-21,2026-07-21,2026-07-15,900,718,-182,0.7977777777777778,1
初中,暑_13,常规外呼,9.9,初一,2026-07-21,,,0,52,52,,
初中,暑_13,常规外呼,9.9,初二,2026-07-21,,,0,50,50,,
初中,暑_13,常规外呼,9.9,初三,2026-07-15,,,0,1,1,,
初中,暑_13,常规外呼,18.8,初一,2026-07-21,2026-07-21,2026-07-15,680,553,-127,0.8132352941176471,1
初中,暑_13,常规外呼,28.8,初二,2026-07-21,2026-07-21,2026-07-15,600,495,-105,0.825,1
初中,暑_13,常规外呼,28.8,初三,2026-07-21,2026-07-21,2026-07-15,600,633,33,1.055,1
初中,暑_13,未报量,9.9,初一,2026-07-21,,,0,57,57,,
初中,暑_14,LLM外呼,9.9,初一,2026-07-19,,,0,5,5,,
初中,暑_14,LLM外呼,9.9,初二,2026-08-12,,,0,37,37,,
初中,暑_14,LLM外呼,9.9,初三,2026-08-12,,,0,40,40,,
初中,暑_15,LLM外呼,9.9,初一,2026-07-30,,,0,7,7,,
初中,暑_15,LLM外呼,9.9,初二,2026-07-29,,,0,12,12,,
初中,暑_15,LLM外呼,9.9,初三,2026-07-29,,,0,33,33,,
初中,暑_16,LLM外呼,9.9,初一,2026-07-31,,,0,1,1,,
初中,暑_16,LLM外呼,9.9,初二,2026-08-06,,,0,15,15,,
初中,暑_16,LLM外呼,9.9,初三,2026-08-05,,,0,29,29,,
初中,暑_8,LLM外呼,9.9,初一,2026-07-01,,,0,1,1,,
初中,暑_9,LLM外呼,9.9,初一,2026-07-03,,,0,3,3,,
初中,暑_9,LLM外呼,9.9,初二,2026-07-06,,,0,10,10,,
初中,暑_9,LLM外呼,9.9,初三,2026-07-06,,,0,9,9,,
初中,秋_1,AI托管,0.0,初一,2026-07-28,2026-07-28,2026-07-22,300,350,50,1.1666666666666667,1
初中,秋_1,AI托管,0.0,初二,2026-07-28,2026-07-28,2026-07-22,600,634,34,1.0566666666666666,1
初中,秋_1,AI托管,0.0,初三,2026-07-28,2026-07-28,2026-07-22,600,723,123,1.205,1
初中,秋_1,LEC内测,9.9,初二,2026-07-28,2026-07-28,2026-07-22,1200,919,-281,0.7658333333333334,1
初中,秋_1,LEC内测,9.9,初三,2026-07-28,2026-07-28,2026-07-22,1250,987,-263,0.7896,1
初中,秋_1,LEC内测,18.8,初一,2026-07-28,2026-07-28,2026-07-22,500,433,-67,0.866,1
初中,秋_1,LLM外呼,9.9,初一,2026-07-26,2026-07-28,2026-07-22,100,100,0,1.0,1
初中,秋_1,LLM外呼,9.9,初二,2026-08-12,2026-07-28,2026-07-22,700,475,-225,0.6785714285714286,1
初中,秋_1,LLM外呼,9.9,初三,2026-08-12,2026-07-28,2026-07-22,700,574,-126,0.82,1
初中,秋_1,外部微转-*,9.9,初一,2026-07-22,2026-07-28,2026-07-22,60,10,-50,0.16666666666666666,1
初中,秋_1,外部微转-*,28.8,初二,2026-07-28,2026-07-28,2026-07-22,320,246,-74,0.76875,1
初中,秋_1,外部微转-*,28.8,初三,2026-07-28,2026-07-28,2026-07-22,470,288,-182,0.6127659574468085,1
初中,秋_1,常规外呼,1.0,初二,2026-07-28,2026-07-28,2026-07-22,750,615,-135,0.82,1
初中,秋_1,常规外呼,1.0,初三,2026-07-28,2026-07-28,2026-07-22,850,759,-91,0.8929411764705882,1
初中,秋_1,常规外呼,9.9,初一,2026-07-28,,,0,45,45,,
初中,秋_1,常规外呼,9.9,初二,2026-07-28,,,0,53,53,,
初中,秋_1,常规外呼,18.8,初一,2026-07-28,2026-07-28,2026-07-22,650,538,-112,0.8276923076923077,1
初中,秋_1,常规外呼,28.8,初二,2026-07-28,2026-07-28,2026-07-22,600,429,-171,0.715,1
初中,秋_1,常规外呼,28.8,初三,2026-07-28,2026-07-28,2026-07-22,750,554,-196,0.7386666666666667,1
初中,秋_1,未报量,9.9,初一,2026-07-28,,,0,57,57,,
初中,秋_2,AI托管,0.0,初一,2026-08-03,2026-08-04,2026-07-29,150,200,50,1.3333333333333333,1
初中,秋_2,AI托管,0.0,初二,2026-08-04,2026-08-04,2026-07-29,350,458,108,1.3085714285714285,1
初中,秋_2,AI托管,0.0,初三,2026-08-04,2026-08-04,2026-07-29,350,517,167,1.477142857142857,1
初中,秋_2,LEC内测,9.9,初二,2026-08-04,2026-08-04,2026-07-29,1100,907,-193,0.8245454545454546,1
初中,秋_2,LEC内测,9.9,初三,2026-08-04,2026-08-04,2026-07-29,1100,1016,-84,0.9236363636363636,1
初中,秋_2,LEC内测,18.8,初一,2026-08-04,2026-08-04,2026-07-29,300,339,39,1.13,1
初中,秋_2,LLM外呼,9.9,初一,2026-07-30,2026-08-04,2026-07-29,100,55,-45,0.55,1
初中,秋_2,LLM外呼,9.9,初二,2026-08-04,2026-08-04,2026-07-29,550,458,-92,0.8327272727272728,1
初中,秋_2,LLM外呼,9.9,初三,2026-08-04,2026-08-04,2026-07-29,550,634,84,1.1527272727272728,1
初中,秋_2,外部微转-*,18.8,初一,2026-08-02,2026-08-04,2026-07-29,50,126,76,2.52,1
初中,秋_2,外部微转-*,28.8,初二,2026-08-04,2026-08-04,2026-07-29,300,190,-110,0.6333333333333333,1
初中,秋_2,外部微转-*,28.8,初三,2026-08-04,2026-08-04,2026-07-29,410,281,-129,0.6853658536585366,1
初中,秋_2,常规外呼,1.0,初二,2026-08-04,2026-08-04,2026-07-29,650,779,129,1.1984615384615385,1
初中,秋_2,常规外呼,1.0,初三,2026-08-04,2026-08-04,2026-07-29,800,810,10,1.0125,1
初中,秋_2,常规外呼,9.9,初一,2026-08-04,,,0,5,5,,
初中,秋_2,常规外呼,9.9,初二,2026-08-04,,,0,64,64,,
初中,秋_2,常规外呼,18.8,初一,2026-08-04,2026-08-04,2026-07-29,450,545,95,1.211111111111111,1
初中,秋_2,常规外呼,28.8,初二,2026-08-04,2026-08-04,2026-07-29,450,434,-16,0.9644444444444444,1
初中,秋_2,常规外呼,28.8,初三,2026-08-04,2026-08-04,2026-07-29,450,520,70,1.1555555555555554,1
初中,秋_3,AI托管,0.0,初一,2026-08-11,2026-08-11,2026-08-05,200,225,25,1.125,1
初中,秋_3,AI托管,0.0,初二,2026-08-11,2026-08-11,2026-08-05,400,500,100,1.25,1
初中,秋_3,AI托管,0.0,初三,2026-08-11,2026-08-11,2026-08-05,400,525,125,1.3125,1
初中,秋_3,LEC内测,9.9,初二,2026-08-11,2026-08-11,2026-08-05,1000,766,-234,0.766,1
初中,秋_3,LEC内测,9.9,初三,2026-08-11,2026-08-11,2026-08-05,1000,790,-210,0.79,1
初中,秋_3,LEC内测,18.8,初一,2026-08-11,2026-08-11,2026-08-05,200,281,81,1.405,1
初中,秋_3,LLM外呼,9.9,初一,,2026-08-11,2026-08-05,0,0,0,,1
初中,秋_3,LLM外呼,9.9,初二,2026-08-11,2026-08-11,2026-08-05,550,774,224,1.4072727272727272,1
初中,秋_3,LLM外呼,9.9,初三,2026-08-11,2026-08-11,2026-08-05,550,948,398,1.7236363636363636,1
初中,秋_3,外部微转-*,9.9,初二,2026-08-09,2026-08-11,2026-08-05,180,93,-87,0.5166666666666667,1
初中,秋_3,外部微转-*,9.9,初三,2026-08-09,2026-08-11,2026-08-05,190,76,-114,0.4,1
初中,秋_3,外部微转-*,18.8,初一,2026-08-11,2026-08-11,2026-08-05,180,173,-7,0.9611111111111111,1
初中,秋_3,外部微转-*,28.8,初二,2026-08-11,2026-08-11,2026-08-05,260,227,-33,0.8730769230769231,1
初中,秋_3,外部微转-*,28.8,初三,2026-08-11,2026-08-11,2026-08-05,280,289,9,1.0321428571428573,1
初中,秋_3,常规外呼,1.0,初二,2026-08-11,2026-08-11,2026-08-05,850,878,28,1.0329411764705883,1
初中,秋_3,常规外呼,1.0,初三,2026-08-11,2026-08-11,2026-08-05,950,1106,156,1.1642105263157896,1
初中,秋_3,常规外呼,9.9,初一,2026-08-11,,,0,87,87,,
初中,秋_3,常规外呼,9.9,初二,2026-08-11,,,0,103,103,,
初中,秋_3,常规外呼,9.9,初三,2026-08-05,,,0,24,24,,
初中,秋_3,常规外呼,18.8,初一,2026-08-11,2026-08-11,2026-08-05,600,502,-98,0.8366666666666667,1
初中,秋_3,常规外呼,28.8,初二,2026-08-11,2026-08-11,2026-08-05,550,565,15,1.0272727272727273,1
初中,秋_3,常规外呼,28.8,初三,2026-08-11,2026-08-11,2026-08-05,550,646,96,1.1745454545454546,1
初中,秋_4,AI托管,0.0,初一,2026-08-12,2026-08-18,2026-08-12,200,16,-184,0.08,0.16666666666666666
初中,秋_4,AI托管,0.0,初二,2026-08-12,2026-08-18,2026-08-12,400,60,-340,0.15,0.16666666666666666
初中,秋_4,AI托管,0.0,初三,2026-08-12,2026-08-18,2026-08-12,400,61,-339,0.1525,0.16666666666666666
初中,秋_4,LEC内测,9.9,初二,2026-08-12,2026-08-18,2026-08-12,900,82,-818,0.09111111111111111,0.16666666666666666
初中,秋_4,LEC内测,9.9,初三,2026-08-12,2026-08-18,2026-08-12,900,108,-792,0.12,0.16666666666666666
初中,秋_4,LEC内测,18.8,初一,2026-08-12,2026-08-18,2026-08-12,200,42,-158,0.21,0.16666666666666666
初中,秋_4,LLM外呼,9.9,初一,,2026-08-18,2026-08-12,0,0,0,,0.16666666666666666
初中,秋_4,LLM外呼,9.9,初二,2026-08-12,2026-08-18,2026-08-12,750,143,-607,0.19066666666666668,0.16666666666666666
初中,秋_4,LLM外呼,9.9,初三,2026-08-12,2026-08-18,2026-08-12,750,148,-602,0.19733333333333333,0.16666666666666666
初中,秋_4,外部微转-*,9.9,初二,,2026-08-18,2026-08-12,100,0,-100,0.0,0.16666666666666666
初中,秋_4,外部微转-*,9.9,初三,,2026-08-18,2026-08-12,100,0,-100,0.0,0.16666666666666666
初中,秋_4,外部微转-*,18.8,初一,2026-08-12,2026-08-18,2026-08-12,100,1,-99,0.01,0.16666666666666666
初中,秋_4,外部微转-*,28.8,初二,2026-08-12,2026-08-18,2026-08-12,260,1,-259,0.0038461538461538464,0.16666666666666666
初中,秋_4,外部微转-*,28.8,初三,,2026-08-18,2026-08-12,280,0,-280,0.0,0.16666666666666666
初中,秋_4,常规外呼,1.0,初二,2026-08-12,2026-08-18,2026-08-12,1300,156,-1144,0.12,0.16666666666666666
初中,秋_4,常规外呼,1.0,初三,2026-08-12,2026-08-18,2026-08-12,1550,162,-1388,0.10451612903225807,0.16666666666666666
初中,秋_4,常规外呼,9.9,初一,2026-08-12,,,0,18,18,,
初中,秋_4,常规外呼,9.9,初二,2026-08-12,,,0,14,14,,
初中,秋_4,常规外呼,18.8,初一,2026-08-12,2026-08-18,2026-08-12,550,109,-441,0.19818181818181818,0.16666666666666666
初中,秋_4,常规外呼,28.8,初二,2026-08-12,2026-08-18,2026-08-12,600,94,-506,0.15666666666666668,0.16666666666666666
初中,秋_4,常规外呼,28.8,初三,2026-08-12,2026-08-18,2026-08-12,650,113,-537,0.17384615384615384,0.16666666666666666
小学,暑_10,AI托管,0.0,三年级,2026-07-18,2026-07-15,2026-07-09,20,57,37,2.85,1
小学,暑_10,AI托管,0.0,四年级,2026-07-18,2026-07-15,2026-07-09,110,206,96,1.8727272727272728,1
小学,暑_10,AI托管,0.0,五年级,2026-07-18,2026-07-15,2026-07-09,110,209,99,1.9,1
小学,暑_10,AI托管,0.0,六年级,2026-07-17,2026-07-15,2026-07-09,110,210,100,1.9090909090909092,1
小学,暑_10,LEC内测,1.0,三年级,2026-07-15,2026-07-15,2026-07-09,3120,2870,-250,0.9198717948717948,1
小学,暑_10,LEC内测,1.0,四年级,2026-07-14,2026-07-15,2026-07-09,3020,3000,-20,0.9933774834437086,1
小学,暑_10,LEC内测,1.0,五年级,2026-07-15,2026-07-15,2026-07-09,2930,2599,-331,0.8870307167235495,1
小学,暑_10,LEC内测,1.0,六年级,2026-07-15,2026-07-15,2026-07-09,2930,2863,-67,0.9771331058020478,1
小学,暑_10,LLM外呼,9.9,三年级,2026-07-15,2026-07-15,2026-07-09,150,193,43,1.2866666666666666,1
小学,暑_10,LLM外呼,9.9,四年级,2026-07-15,2026-07-15,2026-07-09,350,302,-48,0.8628571428571429,1
小学,暑_10,LLM外呼,9.9,五年级,2026-07-15,2026-07-15,2026-07-09,250,315,65,1.26,1
小学,暑_10,LLM外呼,9.9,六年级,2026-07-15,2026-07-15,2026-07-09,250,356,106,1.424,1
小学,暑_10,外部微转-*,9.9,二年级,2026-07-14,,,0,1,1,,
小学,暑_10,常规外呼,1.0,三年级,2026-07-15,,,0,11,11,,
小学,暑_10,常规外呼,1.0,四年级,2026-07-13,,,0,23,23,,
小学,暑_10,常规外呼,1.0,五年级,2026-07-14,,,0,22,22,,
小学,暑_10,常规外呼,1.0,六年级,2026-07-15,,,0,32,32,,
小学,暑_10,常规外呼,28.8,二年级,2026-07-15,2026-07-15,2026-07-09,150,120,-30,0.8,1
小学,暑_10,常规外呼,28.8,三年级,2026-07-15,2026-07-15,2026-07-09,350,223,-127,0.6371428571428571,1
小学,暑_10,常规外呼,28.8,四年级,2026-07-15,2026-07-15,2026-07-09,400,362,-38,0.905,1
小学,暑_10,常规外呼,28.8,五年级,2026-07-15,2026-07-15,2026-07-09,400,373,-27,0.9325,1
小学,暑_10,常规外呼,28.8,六年级,2026-07-15,2026-07-15,2026-07-09,600,487,-113,0.8116666666666666,1
小学,暑_11,AI托管,0.0,三年级,2026-07-25,2026-07-22,2026-07-16,30,70,40,2.3333333333333335,1
小学,暑_11,AI托管,0.0,四年级,2026-07-25,2026-07-22,2026-07-16,140,207,67,1.4785714285714286,1
小学,暑_11,AI托管,0.0,五年级,2026-07-25,2026-07-22,2026-07-16,140,232,92,1.6571428571428573,1
小学,暑_11,AI托管,0.0,六年级,2026-07-25,2026-07-22,2026-07-16,140,252,112,1.8,1
小学,暑_11,LEC内测,1.0,三年级,2026-07-21,2026-07-22,2026-07-16,1400,1400,0,1.0,1
小学,暑_11,LEC内测,1.0,四年级,2026-07-20,2026-07-22,2026-07-16,1550,1547,-3,0.9980645161290322,1
小学,暑_11,LEC内测,1.0,五年级,2026-07-22,2026-07-22,2026-07-16,1650,1326,-324,0.8036363636363636,1
小学,暑_11,LEC内测,1.0,六年级,2026-07-21,2026-07-22,2026-07-16,1300,1266,-34,0.9738461538461538,1
小学,暑_11,LEC内测,9.9,二年级,2026-07-20,,,0,50,50,,
小学,暑_11,LEC内测,9.9,三年级,2026-07-22,2026-07-22,2026-07-16,150,219,69,1.46,1
小学,暑_11,LEC内测,9.9,四年级,2026-07-22,2026-07-22,2026-07-16,150,323,173,2.1533333333333333,1
小学,暑_11,LEC内测,9.9,五年级,2026-07-22,2026-07-22,2026-07-16,150,271,121,1.8066666666666666,1
小学,暑_11,LEC内测,9.9,六年级,2026-07-22,2026-07-22,2026-07-16,150,284,134,1.8933333333333333,1
小学,暑_11,LLM外呼,9.9,二年级,2026-07-21,,,0,1,1,,
小学,暑_11,LLM外呼,9.9,三年级,2026-07-22,2026-07-22,2026-07-16,150,160,10,1.0666666666666667,1
小学,暑_11,LLM外呼,9.9,四年级,2026-07-22,2026-07-22,2026-07-16,350,310,-40,0.8857142857142857,1
小学,暑_11,LLM外呼,9.9,五年级,2026-07-22,2026-07-22,2026-07-16,250,285,35,1.14,1
小学,暑_11,LLM外呼,9.9,六年级,2026-07-22,2026-07-22,2026-07-16,250,368,118,1.472,1
小学,暑_11,外部微转-*,9.9,二年级,2026-07-22,,,0,5,5,,
小学,暑_11,常规外呼,1.0,三年级,2026-07-19,,,0,1,1,,
小学,暑_11,常规外呼,1.0,四年级,2026-07-18,,,0,5,5,,
小学,暑_11,常规外呼,1.0,五年级,2026-07-19,,,0,2,2,,
小学,暑_11,常规外呼,1.0,六年级,2026-07-19,,,0,2,2,,
小学,暑_11,常规外呼,18.8,四年级,2026-07-18,,,0,1,1,,
小学,暑_11,常规外呼,28.8,二年级,2026-07-22,2026-07-22,2026-07-16,130,100,-30,0.7692307692307693,1
小学,暑_11,常规外呼,28.8,三年级,2026-07-22,2026-07-22,2026-07-16,250,182,-68,0.728,1
小学,暑_11,常规外呼,28.8,四年级,2026-07-22,2026-07-22,2026-07-16,400,309,-91,0.7725,1
小学,暑_11,常规外呼,28.8,五年级,2026-07-22,2026-07-22,2026-07-16,470,363,-107,0.7723404255319148,1
小学,暑_11,常规外呼,28.8,六年级,2026-07-22,2026-07-22,2026-07-16,600,450,-150,0.75,1
小学,暑_12,AI托管,0.0,三年级,2026-07-31,2026-07-29,2026-07-23,50,50,0,1.0,1
小学,暑_12,AI托管,0.0,四年级,2026-08-01,2026-07-29,2026-07-23,200,108,-92,0.54,1
小学,暑_12,AI托管,0.0,五年级,2026-08-01,2026-07-29,2026-07-23,200,164,-36,0.82,1
小学,暑_12,AI托管,0.0,六年级,2026-08-01,2026-07-29,2026-07-23,200,200,0,1.0,1
小学,暑_12,LEC内测,1.0,三年级,2026-07-29,2026-07-29,2026-07-23,2050,1930,-120,0.9414634146341463,1
小学,暑_12,LEC内测,1.0,四年级,2026-07-29,2026-07-29,2026-07-23,2050,2018,-32,0.984390243902439,1
小学,暑_12,LEC内测,1.0,五年级,2026-07-29,2026-07-29,2026-07-23,2050,1635,-415,0.7975609756097561,1
小学,暑_12,LEC内测,1.0,六年级,2026-07-29,2026-07-29,2026-07-23,2050,1732,-318,0.8448780487804878,1
小学,暑_12,LEC内测,9.9,三年级,2026-07-29,2026-07-29,2026-07-23,200,184,-16,0.92,1
小学,暑_12,LEC内测,9.9,四年级,2026-07-29,2026-07-29,2026-07-23,200,309,109,1.545,1
小学,暑_12,LEC内测,9.9,五年级,2026-07-29,2026-07-29,2026-07-23,200,219,19,1.095,1
小学,暑_12,LEC内测,9.9,六年级,2026-07-29,2026-07-29,2026-07-23,200,242,42,1.21,1
小学,暑_12,LLM外呼,9.9,二年级,2026-07-03,,,0,1,1,,
小学,暑_12,LLM外呼,9.9,三年级,2026-07-29,2026-07-29,2026-07-23,100,103,3,1.03,1
小学,暑_12,LLM外呼,9.9,四年级,2026-07-29,2026-07-29,2026-07-23,320,235,-85,0.734375,1
小学,暑_12,LLM外呼,9.9,五年级,2026-07-29,2026-07-29,2026-07-23,240,214,-26,0.8916666666666667,1
小学,暑_12,LLM外呼,9.9,六年级,2026-07-29,2026-07-29,2026-07-23,240,223,-17,0.9291666666666667,1
小学,暑_12,外部微转-*,9.9,二年级,2026-07-28,,,0,4,4,,
小学,暑_12,常规外呼,9.9,六年级,2026-07-29,,,0,1,1,,
小学,暑_12,常规外呼,28.8,二年级,2026-07-29,2026-07-29,2026-07-23,120,99,-21,0.825,1
小学,暑_12,常规外呼,28.8,三年级,2026-07-29,2026-07-29,2026-07-23,200,146,-54,0.73,1
小学,暑_12,常规外呼,28.8,四年级,2026-07-29,2026-07-29,2026-07-23,350,277,-73,0.7914285714285715,1
小学,暑_12,常规外呼,28.8,五年级,2026-07-29,2026-07-29,2026-07-23,400,282,-118,0.705,1
小学,暑_12,常规外呼,28.8,六年级,2026-07-29,2026-07-29,2026-07-23,550,359,-191,0.6527272727272727,1
小学,暑_13,AI托管,0.0,三年级,2026-08-05,2026-08-05,2026-07-30,60,61,1,1.0166666666666666,1
小学,暑_13,AI托管,0.0,四年级,2026-08-08,2026-08-05,2026-07-30,180,163,-17,0.9055555555555556,1
小学,暑_13,AI托管,0.0,五年级,2026-08-08,2026-08-05,2026-07-30,180,176,-4,0.9777777777777777,1
小学,暑_13,AI托管,0.0,六年级,2026-08-07,2026-08-05,2026-07-30,180,181,1,1.0055555555555555,1
小学,暑_13,LEC内测,1.0,三年级,2026-08-05,2026-08-05,2026-07-30,2500,2380,-120,0.952,1
小学,暑_13,LEC内测,1.0,四年级,2026-08-05,2026-08-05,2026-07-30,2500,2433,-67,0.9732,1
小学,暑_13,LEC内测,1.0,五年级,2026-08-05,2026-08-05,2026-07-30,1950,1935,-15,0.9923076923076923,1
小学,暑_13,LEC内测,1.0,六年级,2026-08-05,2026-08-05,2026-07-30,1850,1779,-71,0.9616216216216216,1
小学,暑_13,LLM外呼,9.9,三年级,2026-08-05,2026-08-05,2026-07-30,100,101,1,1.01,1
小学,暑_13,LLM外呼,9.9,四年级,2026-08-05,2026-08-05,2026-07-30,320,311,-9,0.971875,1
小学,暑_13,LLM外呼,9.9,五年级,2026-08-05,2026-08-05,2026-07-30,240,247,7,1.0291666666666666,1
小学,暑_13,LLM外呼,9.9,六年级,2026-08-05,2026-08-05,2026-07-30,240,270,30,1.125,1
小学,暑_13,外部微转-*,9.9,二年级,2026-08-05,,,0,6,6,,
小学,暑_13,常规外呼,1.0,三年级,2026-08-05,,,0,79,79,,
小学,暑_13,常规外呼,1.0,四年级,2026-08-04,,,0,45,45,,
小学,暑_13,常规外呼,1.0,五年级,2026-08-05,,,0,59,59,,
小学,暑_13,常规外呼,1.0,六年级,2026-08-04,,,0,53,53,,
小学,暑_13,常规外呼,28.8,二年级,2026-08-05,2026-08-05,2026-07-30,120,81,-39,0.675,1
小学,暑_13,常规外呼,28.8,三年级,2026-08-05,2026-08-05,2026-07-30,150,158,8,1.0533333333333332,1
小学,暑_13,常规外呼,28.8,四年级,2026-08-05,2026-08-05,2026-07-30,350,343,-7,0.98,1
小学,暑_13,常规外呼,28.8,五年级,2026-08-05,2026-08-05,2026-07-30,330,300,-30,0.9090909090909091,1
小学,暑_13,常规外呼,28.8,六年级,2026-08-05,2026-08-05,2026-07-30,400,375,-25,0.9375,1
小学,暑_14,AI托管,0.0,三年级,2026-08-12,2026-08-12,2026-08-06,60,60,0,1.0,1
小学,暑_14,AI托管,0.0,四年级,2026-08-12,2026-08-12,2026-08-06,180,81,-99,0.45,1
小学,暑_14,AI托管,0.0,五年级,2026-08-12,2026-08-12,2026-08-06,180,142,-38,0.7888888888888889,1
小学,暑_14,AI托管,0.0,六年级,2026-08-12,2026-08-12,2026-08-06,180,151,-29,0.8388888888888889,1
小学,暑_14,LEC内测,1.0,三年级,2026-08-12,2026-08-12,2026-08-06,1075,1319,244,1.2269767441860464,1
小学,暑_14,LEC内测,1.0,四年级,2026-08-12,2026-08-12,2026-08-06,1075,1362,287,1.2669767441860464,1
小学,暑_14,LEC内测,1.0,五年级,2026-08-12,2026-08-12,2026-08-06,1075,1359,284,1.264186046511628,1
小学,暑_14,LEC内测,1.0,六年级,2026-08-12,2026-08-12,2026-08-06,1075,1350,275,1.255813953488372,1
小学,暑_14,LEC内测,9.9,三年级,,2026-08-12,2026-08-06,300,0,-300,0.0,1
小学,暑_14,LEC内测,9.9,四年级,2026-08-09,2026-08-12,2026-08-06,300,1,-299,0.0033333333333333335,1
小学,暑_14,LEC内测,9.9,五年级,,2026-08-12,2026-08-06,300,0,-300,0.0,1
小学,暑_14,LEC内测,9.9,六年级,,2026-08-12,2026-08-06,300,0,-300,0.0,1
小学,暑_14,LLM外呼,9.9,三年级,2026-08-06,2026-08-12,2026-08-06,40,44,4,1.1,1
小学,暑_14,LLM外呼,9.9,四年级,2026-08-12,2026-08-12,2026-08-06,240,288,48,1.2,1
小学,暑_14,LLM外呼,9.9,五年级,2026-08-12,2026-08-12,2026-08-06,160,275,115,1.71875,1
小学,暑_14,LLM外呼,9.9,六年级,2026-08-12,2026-08-12,2026-08-06,160,282,122,1.7625,1
小学,暑_14,常规外呼,1.0,六年级,2026-08-05,,,0,1,1,,
小学,暑_14,常规外呼,28.8,二年级,2026-08-12,2026-08-12,2026-08-06,120,114,-6,0.95,1
小学,暑_14,常规外呼,28.8,三年级,2026-08-12,2026-08-12,2026-08-06,150,252,102,1.68,1
小学,暑_14,常规外呼,28.8,四年级,2026-08-12,2026-08-12,2026-08-06,350,406,56,1.16,1
小学,暑_14,常规外呼,28.8,五年级,2026-08-12,2026-08-12,2026-08-06,330,393,63,1.190909090909091,1
小学,暑_14,常规外呼,28.8,六年级,2026-08-12,2026-08-12,2026-08-06,400,470,70,1.175,1
小学,暑_15,LEC内测,1.0,六年级,2026-08-12,,,0,1,1,,
小学,暑_15,LLM外呼,9.9,三年级,2026-07-27,,,0,1,1,,
小学,暑_15,LLM外呼,9.9,六年级,2026-08-12,,,0,3,3,,
小学,暑_15,常规外呼,28.8,四年级,2026-08-12,,,0,1,1,,
小学,暑_16,LLM外呼,9.9,四年级,2026-08-03,,,0,1,1,,
小学,暑_16,LLM外呼,9.9,六年级,2026-08-06,,,0,4,4,,
小学,暑_8,AI托管,0.0,三年级,2026-07-03,2026-07-01,2026-06-25,40,18,-22,0.45,1
小学,暑_8,AI托管,0.0,四年级,2026-07-04,2026-07-01,2026-06-25,120,41,-79,0.3416666666666667,1
小学,暑_8,AI托管,0.0,五年级,2026-07-04,2026-07-01,2026-06-25,120,50,-70,0.4166666666666667,1
小学,暑_8,AI托管,0.0,六年级,2026-07-04,2026-07-01,2026-06-25,120,57,-63,0.475,1
小学,暑_8,LEC内测,1.0,三年级,,2026-07-01,2026-06-25,2300,0,-2300,0.0,1
小学,暑_8,LEC内测,1.0,四年级,,2026-07-01,2026-06-25,2500,0,-2500,0.0,1
小学,暑_8,LEC内测,1.0,五年级,,2026-07-01,2026-06-25,2000,0,-2000,0.0,1
小学,暑_8,LEC内测,1.0,六年级,2026-07-01,2026-07-01,2026-06-25,2300,36,-2264,0.01565217391304348,1
小学,暑_8,LEC内测,9.9,三年级,,2026-07-01,2026-06-25,100,0,-100,0.0,1
小学,暑_8,LEC内测,9.9,四年级,,2026-07-01,2026-06-25,150,0,-150,0.0,1
小学,暑_8,LEC内测,9.9,五年级,,2026-07-01,2026-06-25,120,0,-120,0.0,1
小学,暑_8,LEC内测,9.9,六年级,,2026-07-01,2026-06-25,150,0,-150,0.0,1
小学,暑_8,LLM外呼,9.9,三年级,,2026-07-01,2026-06-25,100,0,-100,0.0,1
小学,暑_8,LLM外呼,9.9,四年级,,2026-07-01,2026-06-25,300,0,-300,0.0,1
小学,暑_8,LLM外呼,9.9,五年级,,2026-07-01,2026-06-25,200,0,-200,0.0,1
小学,暑_8,LLM外呼,9.9,六年级,,2026-07-01,2026-06-25,200,0,-200,0.0,1
小学,暑_8,常规外呼,9.9,二年级,,2026-07-01,2026-06-25,20,0,-20,0.0,1
小学,暑_8,常规外呼,9.9,三年级,,2026-07-01,2026-06-25,50,0,-50,0.0,1
小学,暑_8,常规外呼,9.9,四年级,,2026-07-01,2026-06-25,70,0,-70,0.0,1
小学,暑_8,常规外呼,9.9,五年级,,2026-07-01,2026-06-25,40,0,-40,0.0,1
小学,暑_8,常规外呼,9.9,六年级,,2026-07-01,2026-06-25,70,0,-70,0.0,1
小学,暑_8,常规外呼,28.8,二年级,2026-07-01,2026-07-01,2026-06-25,80,25,-55,0.3125,1
小学,暑_8,常规外呼,28.8,三年级,2026-07-01,2026-07-01,2026-06-25,190,22,-168,0.11578947368421053,1
小学,暑_8,常规外呼,28.8,四年级,2026-07-01,2026-07-01,2026-06-25,260,70,-190,0.2692307692307692,1
小学,暑_8,常规外呼,28.8,五年级,2026-07-01,2026-07-01,2026-06-25,240,75,-165,0.3125,1
小学,暑_8,常规外呼,28.8,六年级,2026-07-01,2026-07-01,2026-06-25,260,17,-243,0.06538461538461539,1
小学,暑_9,AI托管,0.0,二年级,2026-07-11,,,0,30,30,,
小学,暑_9,AI托管,0.0,三年级,2026-07-10,2026-07-08,2026-07-02,20,70,50,3.5,1
小学,暑_9,AI托管,0.0,四年级,2026-07-11,2026-07-08,2026-07-02,110,180,70,1.6363636363636365,1
小学,暑_9,AI托管,0.0,五年级,2026-07-11,2026-07-08,2026-07-02,110,176,66,1.6,1
小学,暑_9,AI托管,0.0,六年级,2026-07-11,2026-07-08,2026-07-02,110,210,100,1.9090909090909092,1
小学,暑_9,LEC内测,1.0,三年级,2026-07-07,2026-07-08,2026-07-02,2520,2510,-10,0.996031746031746,1
小学,暑_9,LEC内测,1.0,四年级,2026-07-07,2026-07-08,2026-07-02,2720,2713,-7,0.9974264705882353,1
小学,暑_9,LEC内测,1.0,五年级,2026-07-08,2026-07-08,2026-07-02,2530,2413,-117,0.9537549407114625,1
小学,暑_9,LEC内测,1.0,六年级,2026-07-07,2026-07-08,2026-07-02,2050,2031,-19,0.9907317073170732,1
小学,暑_9,LLM外呼,9.9,二年级,2026-07-03,,,0,67,67,,
小学,暑_9,LLM外呼,9.9,三年级,2026-07-07,2026-07-08,2026-07-02,150,212,62,1.4133333333333333,1
小学,暑_9,LLM外呼,9.9,四年级,2026-07-08,2026-07-08,2026-07-02,350,236,-114,0.6742857142857143,1
小学,暑_9,LLM外呼,9.9,五年级,2026-07-07,2026-07-08,2026-07-02,250,193,-57,0.772,1
小学,暑_9,LLM外呼,9.9,六年级,2026-07-06,2026-07-08,2026-07-02,250,67,-183,0.268,1
小学,暑_9,常规外呼,1.0,三年级,2026-07-05,,,0,10,10,,
小学,暑_9,常规外呼,1.0,四年级,2026-07-04,,,0,7,7,,
小学,暑_9,常规外呼,1.0,五年级,2026-07-07,,,0,12,12,,
小学,暑_9,常规外呼,1.0,六年级,2026-07-05,,,0,19,19,,
小学,暑_9,常规外呼,28.8,二年级,2026-07-08,2026-07-08,2026-07-02,100,98,-2,0.98,1
小学,暑_9,常规外呼,28.8,三年级,2026-07-08,2026-07-08,2026-07-02,230,244,14,1.0608695652173914,1
小学,暑_9,常规外呼,28.8,四年级,2026-07-08,2026-07-08,2026-07-02,330,408,78,1.2363636363636363,1
小学,暑_9,常规外呼,28.8,五年级,2026-07-08,2026-07-08,2026-07-02,330,345,15,1.0454545454545454,1
小学,暑_9,常规外呼,28.8,六年级,2026-07-08,2026-07-08,2026-07-02,420,469,49,1.1166666666666667,1
小学,秋_1,LLM外呼,9.9,四年级,2026-07-28,,,0,5,5,,
小学,秋_1,LLM外呼,9.9,五年级,2026-08-12,,,0,5,5,,
小学,秋_1,LLM外呼,9.9,六年级,2026-08-10,,,0,11,11,,
小学,秋_2,LLM外呼,9.9,三年级,2026-07-29,,,0,1,1,,
小学,秋_2,LLM外呼,9.9,四年级,2026-08-04,,,0,2,2,,
小学,秋_2,LLM外呼,9.9,五年级,2026-08-04,,,0,3,3,,
小学,秋_2,LLM外呼,9.9,六年级,2026-08-04,,,0,8,8,,
小学,秋_3,LLM外呼,9.9,四年级,2026-08-11,,,0,4,4,,
小学,秋_3,LLM外呼,9.9,五年级,2026-08-08,,,0,2,2,,
小学,秋_3,LLM外呼,9.9,六年级,2026-08-11,,,0,11,11,,
小学,秋_4,LLM外呼,9.9,四年级,2026-08-12,,,0,1,1,,
小学,秋_4,LLM外呼,9.9,五年级,2026-08-12,,,0,1,1,,
自拼,暑_10,LEC内测,9.9,一年级,2026-07-14,,,0,99,99,,
自拼,暑_10,LEC内测,9.9,三年级,2026-07-14,,,0,16,16,,
自拼,暑_10,LEC内测,9.9,四年级,2026-07-14,,,0,8,8,,
自拼,暑_10,WB,9.9,一年级,2026-07-14,,,0,153,153,,
自拼,暑_10,WB,9.9,三年级,2026-07-14,,,0,15,15,,
自拼,暑_10,WB,9.9,四年级,2026-07-14,,,0,25,25,,
自拼,暑_10,常规外呼,29.9,一年级,2026-07-14,,,0,22,22,,
自拼,暑_10,常规外呼,29.9,三年级,2026-07-12,,,0,19,19,,
自拼,暑_10,常规外呼,29.9,四年级,2026-07-12,,,0,16,16,,
自拼,暑_11,LEC内测,9.9,一年级,2026-07-19,,,0,51,51,,
自拼,暑_11,LEC内测,9.9,四年级,2026-07-15,,,0,10,10,,
自拼,暑_11,WB,9.9,一年级,2026-07-20,,,0,230,230,,
自拼,暑_11,WB,9.9,三年级,2026-07-17,,,0,39,39,,
自拼,暑_11,WB,9.9,四年级,2026-07-16,,,0,31,31,,
自拼,暑_11,常规外呼,29.9,一年级,2026-07-19,,,0,21,21,,
自拼,暑_11,常规外呼,29.9,三年级,2026-07-21,,,0,22,22,,
自拼,暑_11,常规外呼,29.9,四年级,2026-07-19,,,0,19,19,,
自拼,暑_12,LEC内测,9.9,一年级,2026-07-23,,,0,2,2,,
自拼,暑_12,LEC内测,9.9,三年级,2026-07-23,,,0,1,1,,
自拼,暑_12,WB,9.9,一年级,2026-07-23,,,0,292,292,,
自拼,暑_12,WB,9.9,三年级,2026-07-24,,,0,43,43,,
自拼,暑_12,WB,9.9,四年级,2026-07-25,,,0,38,38,,
自拼,暑_12,常规外呼,29.9,一年级,2026-07-28,,,0,20,20,,
自拼,暑_12,常规外呼,29.9,三年级,2026-07-28,,,0,17,17,,
自拼,暑_12,常规外呼,29.9,四年级,2026-07-28,,,0,13,13,,
自拼,暑_13,LEC内测,9.9,一年级,2026-07-31,,,0,26,26,,
自拼,暑_13,WB,9.9,一年级,2026-07-31,,,0,267,267,,
自拼,暑_13,WB,9.9,三年级,2026-07-30,,,0,48,48,,
自拼,暑_13,WB,9.9,四年级,2026-07-30,,,0,46,46,,
自拼,暑_13,常规外呼,29.9,一年级,2026-07-30,,,0,8,8,,
自拼,暑_13,常规外呼,29.9,三年级,2026-07-30,,,0,2,2,,
自拼,暑_13,常规外呼,29.9,四年级,2026-07-29,,,0,5,5,,
自拼,暑_14,LEC内测,9.9,一年级,2026-08-05,,,0,5,5,,
自拼,暑_14,WB,9.9,一年级,2026-08-06,,,0,119,119,,
自拼,暑_14,WB,9.9,三年级,2026-08-06,,,0,26,26,,
自拼,暑_14,WB,9.9,四年级,2026-08-06,,,0,17,17,,
自拼,暑_14,常规外呼,29.9,一年级,2026-08-09,,,0,16,16,,
自拼,暑_14,常规外呼,29.9,三年级,2026-08-09,,,0,19,19,,
自拼,暑_14,常规外呼,29.9,四年级,2026-08-11,,,0,19,19,,
自拼,暑_15,LEC内测,9.9,一年级,2026-08-12,,,0,6,6,,
自拼,暑_15,LEC内测,9.9,三年级,2026-08-12,,,0,1,1,,
自拼,暑_15,常规外呼,29.9,一年级,2026-08-12,,,0,3,3,,
自拼,暑_15,常规外呼,29.9,三年级,2026-08-12,,,0,2,2,,
自拼,暑_15,常规外呼,29.9,四年级,2026-08-12,,,0,1,1,,
自拼,暑_9,LEC内测,9.9,一年级,2026-07-01,,,0,1,1,,
自拼,暑_9,WB,9.9,一年级,2026-07-07,,,0,177,177,,
自拼,暑_9,WB,9.9,三年级,2026-07-02,,,0,86,86,,
自拼,暑_9,WB,9.9,四年级,2026-07-07,,,0,57,57,,
自拼,暑_9,常规外呼,29.9,一年级,2026-07-04,,,0,12,12,,
自拼,暑_9,常规外呼,29.9,三年级,2026-07-04,,,0,14,14,,
自拼,暑_9,常规外呼,29.9,四年级,2026-07-07,,,0,18,18,,
高中,暑_10,LLM外呼,9.9,高二,2026-07-10,,,0,1,1,,
高中,暑_10,LLM外呼,9.9,高三,2026-07-12,,,0,5,5,,
高中,暑_11,AI托管,0.0,高一,,2026-07-02,2026-06-25,80,0,-80,0.0,1
高中,暑_11,AI托管,0.0,高二,2026-07-02,2026-07-02,2026-06-25,160,24,-136,0.15,1
高中,暑_11,AI托管,0.0,高三,2026-07-02,2026-07-02,2026-06-25,160,21,-139,0.13125,1
高中,暑_11,LLM外呼,9.9,高一,2026-07-04,2026-07-02,2026-06-25,50,3,-47,0.06,1
高中,暑_11,LLM外呼,9.9,高二,2026-07-05,2026-07-02,2026-06-25,900,6,-894,0.006666666666666667,1
高中,暑_11,LLM外呼,9.9,高三,2026-07-19,2026-07-02,2026-06-25,200,5,-195,0.025,1
高中,暑_11,图书店铺,1.0,高一,,2026-07-02,2026-06-25,100,0,-100,0.0,1
高中,暑_11,图书店铺,1.0,高二,2026-07-01,2026-07-02,2026-06-25,150,11,-139,0.07333333333333333,1
高中,暑_11,图书店铺,1.0,高三,2026-07-02,2026-07-02,2026-06-25,150,9,-141,0.06,1
高中,暑_11,外部微转-*,1.0,高一,,2026-07-02,2026-06-25,150,0,-150,0.0,1
高中,暑_11,外部微转-*,1.0,高二,,2026-07-02,2026-06-25,200,0,-200,0.0,1
高中,暑_11,外部微转-*,1.0,高三,,2026-07-02,2026-06-25,150,0,-150,0.0,1
高中,暑_11,外部微转-*,28.8,高一,,2026-07-02,2026-06-25,300,0,-300,0.0,1
高中,暑_11,外部微转-*,28.8,高二,2026-07-02,2026-07-02,2026-06-25,530,80,-450,0.1509433962264151,1
高中,暑_11,外部微转-*,28.8,高三,2026-07-02,2026-07-02,2026-06-25,600,100,-500,0.16666666666666666,1
高中,暑_11,常规外呼,1.0,高一,2026-07-02,2026-07-02,2026-06-25,180,3,-177,0.016666666666666666,1
高中,暑_11,常规外呼,1.0,高二,2026-07-02,2026-07-02,2026-06-25,1500,397,-1103,0.26466666666666666,1
高中,暑_11,常规外呼,1.0,高三,2026-07-02,2026-07-02,2026-06-25,870,421,-449,0.4839080459770115,1
高中,暑_11,常规外呼,28.8,高一,,2026-07-02,2026-06-25,0,0,0,,1
高中,暑_11,常规外呼,28.8,高二,2026-07-02,2026-07-02,2026-06-25,700,141,-559,0.20142857142857143,1
高中,暑_11,常规外呼,28.8,高三,2026-07-02,2026-07-02,2026-06-25,650,117,-533,0.18,1
高中,暑_12,AI托管,0.0,高一,2026-07-08,2026-07-09,2026-07-02,70,117,47,1.6714285714285715,1
高中,暑_12,AI托管,0.0,高二,2026-07-08,2026-07-09,2026-07-02,140,217,77,1.55,1
高中,暑_12,AI托管,0.0,高三,2026-07-09,2026-07-09,2026-07-02,140,279,139,1.9928571428571429,1
高中,暑_12,LLM外呼,9.9,高一,2026-07-24,2026-07-09,2026-07-02,100,342,242,3.42,1
高中,暑_12,LLM外呼,9.9,高二,2026-07-12,2026-07-09,2026-07-02,800,791,-9,0.98875,1
高中,暑_12,LLM外呼,9.9,高三,2026-07-26,2026-07-09,2026-07-02,700,482,-218,0.6885714285714286,1
高中,暑_12,外部微转-*,28.8,高一,,2026-07-09,2026-07-02,0,0,0,,1
高中,暑_12,外部微转-*,28.8,高二,2026-07-07,2026-07-09,2026-07-02,150,150,0,1.0,1
高中,暑_12,外部微转-*,28.8,高三,2026-07-07,2026-07-09,2026-07-02,485,397,-88,0.8185567010309278,1
高中,暑_12,常规外呼,1.0,高一,2026-07-07,2026-07-09,2026-07-02,335,303,-32,0.9044776119402985,1
高中,暑_12,常规外呼,1.0,高二,2026-07-07,2026-07-09,2026-07-02,980,807,-173,0.823469387755102,1
高中,暑_12,常规外呼,1.0,高三,2026-07-09,2026-07-09,2026-07-02,1240,1056,-184,0.8516129032258064,1
高中,暑_12,常规外呼,28.8,高一,2026-07-03,2026-07-09,2026-07-02,0,1,1,,1
高中,暑_12,常规外呼,28.8,高二,2026-07-08,2026-07-09,2026-07-02,300,299,-1,0.9966666666666667,1
高中,暑_12,常规外呼,28.8,高三,2026-07-09,2026-07-09,2026-07-02,500,581,81,1.162,1
高中,暑_13,AI托管,0.0,高一,2026-07-15,2026-07-16,2026-07-09,70,116,46,1.6571428571428573,1
高中,暑_13,AI托管,0.0,高二,2026-07-15,2026-07-16,2026-07-09,140,228,88,1.6285714285714286,1
高中,暑_13,AI托管,0.0,高三,2026-07-15,2026-07-16,2026-07-09,140,222,82,1.5857142857142856,1
高中,暑_13,LLM外呼,9.9,高一,2026-07-18,2026-07-16,2026-07-09,100,51,-49,0.51,1
高中,暑_13,LLM外呼,9.9,高二,2026-08-02,2026-07-16,2026-07-09,540,534,-6,0.9888888888888889,1
高中,暑_13,LLM外呼,9.9,高三,2026-08-03,2026-07-16,2026-07-09,1100,1132,32,1.029090909090909,1
高中,暑_13,外部微转-*,18.8,高一,,2026-07-16,2026-07-09,0,0,0,,1
高中,暑_13,外部微转-*,18.8,高二,2026-07-16,2026-07-16,2026-07-09,450,442,-8,0.9822222222222222,1
高中,暑_13,外部微转-*,18.8,高三,2026-07-15,2026-07-16,2026-07-09,510,430,-80,0.8431372549019608,1
高中,暑_13,常规外呼,1.0,高一,2026-07-14,2026-07-16,2026-07-09,250,199,-51,0.796,1
高中,暑_13,常规外呼,1.0,高二,2026-07-15,2026-07-16,2026-07-09,1000,923,-77,0.923,1
高中,暑_13,常规外呼,1.0,高三,2026-07-15,2026-07-16,2026-07-09,1080,799,-281,0.7398148148148148,1
高中,暑_13,常规外呼,18.8,高一,,2026-07-16,2026-07-09,0,0,0,,1
高中,暑_13,常规外呼,18.8,高二,2026-07-15,2026-07-16,2026-07-09,530,542,12,1.0226415094339623,1
高中,暑_13,常规外呼,18.8,高三,2026-07-16,2026-07-16,2026-07-09,650,743,93,1.143076923076923,1
高中,暑_14,AI托管,0.0,高一,2026-07-22,2026-07-23,2026-07-16,100,130,30,1.3,1
高中,暑_14,AI托管,0.0,高二,2026-07-22,2026-07-23,2026-07-16,200,245,45,1.225,1
高中,暑_14,AI托管,0.0,高三,2026-07-22,2026-07-23,2026-07-16,200,251,51,1.255,1
高中,暑_14,LLM外呼,9.9,高一,2026-07-19,2026-07-23,2026-07-16,100,42,-58,0.42,1
高中,暑_14,LLM外呼,9.9,高二,2026-08-09,2026-07-23,2026-07-16,600,629,29,1.0483333333333333,1
高中,暑_14,LLM外呼,9.9,高三,2026-08-10,2026-07-23,2026-07-16,980,1077,97,1.0989795918367347,1
高中,暑_14,外部微转-*,18.8,高一,,2026-07-23,2026-07-16,0,0,0,,1
高中,暑_14,外部微转-*,18.8,高二,2026-07-22,2026-07-23,2026-07-16,450,465,15,1.0333333333333334,1
高中,暑_14,外部微转-*,18.8,高三,2026-07-22,2026-07-23,2026-07-16,450,468,18,1.04,1
高中,暑_14,常规外呼,1.0,高一,2026-07-23,2026-07-23,2026-07-16,200,163,-37,0.815,1
高中,暑_14,常规外呼,1.0,高二,2026-07-23,2026-07-23,2026-07-16,1300,1226,-74,0.943076923076923,1
高中,暑_14,常规外呼,1.0,高三,2026-07-23,2026-07-23,2026-07-16,1300,1226,-74,0.943076923076923,1
高中,暑_14,常规外呼,18.8,高一,,2026-07-23,2026-07-16,0,0,0,,1
高中,暑_14,常规外呼,18.8,高二,2026-07-23,2026-07-23,2026-07-16,650,724,74,1.113846153846154,1
高中,暑_14,常规外呼,18.8,高三,2026-07-23,2026-07-23,2026-07-16,750,819,69,1.092,1
高中,暑_15,AI托管,0.0,高一,2026-07-28,2026-07-30,2026-07-23,150,140,-10,0.9333333333333333,1
高中,暑_15,AI托管,0.0,高二,2026-07-28,2026-07-30,2026-07-23,300,350,50,1.1666666666666667,1
高中,暑_15,AI托管,0.0,高三,2026-07-30,2026-07-30,2026-07-23,300,372,72,1.24,1
高中,暑_15,LLM外呼,9.9,高一,2026-07-27,2026-07-30,2026-07-23,100,54,-46,0.54,1
高中,暑_15,LLM外呼,9.9,高二,2026-07-26,2026-07-30,2026-07-23,235,235,0,1.0,1
高中,暑_15,LLM外呼,9.9,高三,2026-07-29,2026-07-30,2026-07-23,1100,1099,-1,0.9990909090909091,1
高中,暑_15,外部微转-*,18.8,高一,,2026-07-30,2026-07-23,0,0,0,,1
高中,暑_15,外部微转-*,18.8,高二,2026-07-30,2026-07-30,2026-07-23,400,410,10,1.025,1
高中,暑_15,外部微转-*,18.8,高三,2026-07-30,2026-07-30,2026-07-23,400,412,12,1.03,1
高中,暑_15,常规外呼,1.0,高一,2026-07-28,2026-07-30,2026-07-23,120,151,31,1.2583333333333333,1
高中,暑_15,常规外呼,1.0,高二,2026-07-30,2026-07-30,2026-07-23,1300,1216,-84,0.9353846153846154,1
高中,暑_15,常规外呼,1.0,高三,2026-07-30,2026-07-30,2026-07-23,1300,1202,-98,0.9246153846153846,1
高中,暑_15,常规外呼,18.8,高一,,2026-07-30,2026-07-23,0,0,0,,1
高中,暑_15,常规外呼,18.8,高二,2026-07-30,2026-07-30,2026-07-23,700,759,59,1.0842857142857143,1
高中,暑_15,常规外呼,18.8,高三,2026-07-30,2026-07-30,2026-07-23,700,818,118,1.1685714285714286,1
高中,暑_16,AI托管,0.0,高一,2026-08-05,2026-08-06,2026-07-30,100,101,1,1.01,1
高中,暑_16,AI托管,0.0,高二,2026-08-05,2026-08-06,2026-07-30,200,200,0,1.0,1
高中,暑_16,AI托管,0.0,高三,2026-08-06,2026-08-06,2026-07-30,250,317,67,1.268,1
高中,暑_16,LLM外呼,9.9,高一,2026-08-03,2026-08-06,2026-07-30,100,75,-25,0.75,1
高中,暑_16,LLM外呼,9.9,高二,2026-08-03,2026-08-06,2026-07-30,400,396,-4,0.99,1
高中,暑_16,LLM外呼,9.9,高三,2026-08-05,2026-08-06,2026-07-30,1100,1172,72,1.0654545454545454,1
高中,暑_16,外部微转-*,18.8,高一,,2026-08-06,2026-07-30,0,0,0,,1
高中,暑_16,外部微转-*,18.8,高二,2026-08-06,2026-08-06,2026-07-30,450,443,-7,0.9844444444444445,1
高中,暑_16,外部微转-*,18.8,高三,2026-08-06,2026-08-06,2026-07-30,600,555,-45,0.925,1
高中,暑_16,常规外呼,1.0,高一,2026-08-04,2026-08-06,2026-07-30,125,125,0,1.0,1
高中,暑_16,常规外呼,1.0,高二,2026-08-05,2026-08-06,2026-07-30,800,798,-2,0.9975,1
高中,暑_16,常规外呼,1.0,高三,2026-08-06,2026-08-06,2026-07-30,1200,1154,-46,0.9616666666666667,1
高中,暑_16,常规外呼,9.9,高三,2026-08-02,,,0,1,1,,
高中,暑_16,常规外呼,18.8,高一,,2026-08-06,2026-07-30,0,0,0,,1
高中,暑_16,常规外呼,18.8,高二,2026-08-06,2026-08-06,2026-07-30,800,833,33,1.04125,1
高中,暑_16,常规外呼,18.8,高三,2026-08-06,2026-08-06,2026-07-30,900,908,8,1.008888888888889,1
高中,暑_9,LLM外呼,9.9,高二,2026-07-05,,,0,5,5,,
高中,暑_9,LLM外呼,9.9,高三,2026-07-05,,,0,2,2,,
高中,秋_1,AI托管,0.0,高一,2026-08-10,2026-08-13,2026-08-06,135,134,-1,0.9925925925925926,0.8333333333333334
高中,秋_1,AI托管,0.0,高二,2026-08-12,2026-08-13,2026-08-06,600,506,-94,0.8433333333333334,0.8333333333333334
高中,秋_1,AI托管,0.0,高三,2026-08-10,2026-08-13,2026-08-06,400,380,-20,0.95,0.8333333333333334
高中,秋_1,LLM外呼,9.9,高一,2026-07-27,2026-08-13,2026-08-06,0,4,4,,0.8333333333333334
高中,秋_1,LLM外呼,9.9,高二,2026-08-12,2026-08-13,2026-08-06,1000,1048,48,1.048,0.8333333333333334
高中,秋_1,LLM外呼,9.9,高三,2026-08-12,2026-08-13,2026-08-06,900,928,28,1.031111111111111,0.8333333333333334
高中,秋_1,外部微转-*,18.8,高一,,2026-08-13,2026-08-06,0,0,0,,0.8333333333333334
高中,秋_1,外部微转-*,18.8,高二,2026-08-12,2026-08-13,2026-08-06,480,435,-45,0.90625,0.8333333333333334
高中,秋_1,外部微转-*,18.8,高三,2026-08-11,2026-08-13,2026-08-06,150,152,2,1.0133333333333334,0.8333333333333334
高中,秋_1,常规外呼,1.0,高一,2026-08-12,2026-08-13,2026-08-06,120,121,1,1.0083333333333333,0.8333333333333334
高中,秋_1,常规外呼,1.0,高二,2026-08-12,2026-08-13,2026-08-06,1500,1712,212,1.1413333333333333,0.8333333333333334
高中,秋_1,常规外呼,1.0,高三,2026-08-12,2026-08-13,2026-08-06,1100,1164,64,1.0581818181818181,0.8333333333333334
高中,秋_1,常规外呼,18.8,高一,,2026-08-13,2026-08-06,0,0,0,,0.8333333333333334
高中,秋_1,常规外呼,18.8,高二,2026-08-12,2026-08-13,2026-08-06,1000,840,-160,0.84,0.8333333333333334
高中,秋_1,常规外呼,18.8,高三,2026-08-12,2026-08-13,2026-08-06,800,624,-176,0.78,0.8333333333333334
高中,秋_2,LLM外呼,9.9,高一,2026-08-02,,,0,4,4,,
高中,秋_2,LLM外呼,9.9,高二,2026-08-02,,,0,3,3,,
高中,秋_2,LLM外呼,9.9,高三,2026-08-04,,,0,8,8,,
高中,秋_3,LLM外呼,9.9,高二,2026-08-09,,,0,8,8,,
高中,秋_3,LLM外呼,9.9,高三,2026-08-10,,,0,13,13,,
